{
  "aggregate": {
    "completion_tokens_per_wall_second": 40.10840130543835,
    "measured_wall_seconds": 83.224459,
    "prompt_tokens_per_wall_second": 984.4461710469035,
    "requests_per_second": 0.4806279365540844
  },
  "benchmark_id": "signalforge-financial-agent-baseline-v3",
  "by_workload": {
    "accounting": {
      "decode_tokens_per_second_p50": 12.380288353298155,
      "decode_tokens_per_second_p95": 52.714616554347344,
      "duration_ms_p50": 4455.633,
      "duration_ms_p95": 5395.2544,
      "inter_token_latency_ms_p50": 83.892,
      "inter_token_latency_ms_p95": 93.8142,
      "observations": 5,
      "success_rate": 1.0,
      "successful": 5,
      "ttft_ms_p50": 1296.094,
      "ttft_ms_p95": 3287.7216
    },
    "follow_up": {
      "decode_tokens_per_second_p50": 8.519460182082668,
      "decode_tokens_per_second_p95": 10.48303509757012,
      "duration_ms_p50": 13881.475,
      "duration_ms_p95": 14394.705,
      "inter_token_latency_ms_p50": 118.454,
      "inter_token_latency_ms_p95": 123.6678,
      "observations": 5,
      "success_rate": 1.0,
      "successful": 5,
      "ttft_ms_p50": 916.495,
      "ttft_ms_p95": 1081.415
    },
    "long_context": {
      "decode_tokens_per_second_p50": 58.997565393951824,
      "decode_tokens_per_second_p95": 59.23136246394763,
      "duration_ms_p50": 8477.083,
      "duration_ms_p95": 8521.7856,
      "inter_token_latency_ms_p50": 17.477,
      "inter_token_latency_ms_p95": 29.505799999999997,
      "observations": 5,
      "success_rate": 1.0,
      "successful": 5,
      "ttft_ms_p50": 7760.211,
      "ttft_ms_p95": 7943.2996
    },
    "planning": {
      "decode_tokens_per_second_p50": 11.25378777284917,
      "decode_tokens_per_second_p95": 12.336255410251608,
      "duration_ms_p50": 15865.841,
      "duration_ms_p95": 17766.341399999998,
      "inter_token_latency_ms_p50": 89.831,
      "inter_token_latency_ms_p95": 93.8228,
      "observations": 5,
      "success_rate": 1.0,
      "successful": 5,
      "ttft_ms_p50": 760.009,
      "ttft_ms_p95": 3408.1735999999996
    },
    "retrieval": {
      "decode_tokens_per_second_p50": 23.551286631449067,
      "decode_tokens_per_second_p95": 30.64024104576327,
      "duration_ms_p50": 5166.412,
      "duration_ms_p95": 6197.0296,
      "inter_token_latency_ms_p50": 43.212,
      "inter_token_latency_ms_p95": 47.081599999999995,
      "observations": 5,
      "success_rate": 1.0,
      "successful": 5,
      "ttft_ms_p50": 1514.806,
      "ttft_ms_p95": 3411.9213999999997
    },
    "structured_output": {
      "decode_tokens_per_second_p50": 7.316604693612244,
      "decode_tokens_per_second_p95": 8.311125118738024,
      "duration_ms_p50": 10692.652,
      "duration_ms_p95": 12009.547,
      "inter_token_latency_ms_p50": 152.37,
      "inter_token_latency_ms_p95": 170.9658,
      "observations": 5,
      "success_rate": 1.0,
      "successful": 5,
      "ttft_ms_p50": 724.009,
      "ttft_ms_p95": 777.802
    },
    "synthesis": {
      "decode_tokens_per_second_p50": 29.880488041596845,
      "decode_tokens_per_second_p95": 33.8435185856143,
      "duration_ms_p50": 3386.897,
      "duration_ms_p95": 4236.653200000001,
      "inter_token_latency_ms_p50": 34.111,
      "inter_token_latency_ms_p95": 35.889199999999995,
      "observations": 5,
      "success_rate": 1.0,
      "successful": 5,
      "ttft_ms_p50": 595.353,
      "ttft_ms_p95": 1594.7598
    },
    "tool_selection": {
      "decode_tokens_per_second_p50": null,
      "decode_tokens_per_second_p95": null,
      "duration_ms_p50": 3783.898,
      "duration_ms_p95": 5116.934,
      "inter_token_latency_ms_p50": null,
      "inter_token_latency_ms_p95": null,
      "observations": 5,
      "success_rate": 1.0,
      "successful": 5,
      "ttft_ms_p50": 3783.898,
      "ttft_ms_p95": 5116.934
    }
  },
  "cases_sha256": "c6e7dcc6af829f434dc2e940719c4f6264fdc5536cef7a720f6c4199377cb0cc",
  "concurrency": 4,
  "model_id": "signalforge-gemma4-26b-q4",
  "overall": {
    "decode_tokens_per_second_p50": 12.438235839180368,
    "decode_tokens_per_second_p95": 59.13094829139075,
    "duration_ms_p50": 7319.4884999999995,
    "duration_ms_p95": 15951.248299999996,
    "inter_token_latency_ms_p50": 81.242,
    "inter_token_latency_ms_p95": 157.91609999999994,
    "observations": 40,
    "success_rate": 1.0,
    "successful": 40,
    "ttft_ms_p50": 1259.795,
    "ttft_ms_p95": 7768.882949999999
  },
  "quality_scope": "Deterministic contract checks only; human or independent model review remains required.",
  "repetitions": 5,
  "run_id": "019f886f-331a-7c07-ad65-59530243f632",
  "schema_version": "signalforge/model-benchmark-summary/v1",
  "source_report": "/workspace/signalforge/evidence/runs/sprint11/baseline-unified-kv/contention.json",
  "source_sha256": "06368ced26042a09d616f4202885d44a0d1820dcaecb2bc9154d48ddfd7e56e1",
  "warmup_repetitions": 1
}
