{
  "aggregate": {
    "completion_tokens_per_wall_second": 49.92905746949702,
    "measured_wall_seconds": 67.716079,
    "prompt_tokens_per_wall_second": 1209.904666807421,
    "requests_per_second": 0.5907016559538245
  },
  "benchmark_id": "signalforge-financial-agent-baseline-v3",
  "by_workload": {
    "accounting": {
      "decode_tokens_per_second_p50": 82.24614020920151,
      "decode_tokens_per_second_p95": 85.57652148617188,
      "duration_ms_p50": 1275.98,
      "duration_ms_p95": 1309.1422000000002,
      "inter_token_latency_ms_p50": 12.412,
      "inter_token_latency_ms_p95": 12.4578,
      "observations": 5,
      "success_rate": 1.0,
      "successful": 5,
      "ttft_ms_p50": 697.179,
      "ttft_ms_p95": 714.0583999999999
    },
    "follow_up": {
      "decode_tokens_per_second_p50": 86.06682185484854,
      "decode_tokens_per_second_p95": 86.14693720875971,
      "duration_ms_p50": 1381.657,
      "duration_ms_p95": 1395.5018,
      "inter_token_latency_ms_p50": 11.724,
      "inter_token_latency_ms_p95": 11.733,
      "observations": 5,
      "success_rate": 1.0,
      "successful": 5,
      "ttft_ms_p50": 103.58,
      "ttft_ms_p95": 117.2216
    },
    "long_context": {
      "decode_tokens_per_second_p50": 79.84347983235415,
      "decode_tokens_per_second_p95": 80.02334395712921,
      "duration_ms_p50": 4611.193,
      "duration_ms_p95": 4678.9598000000005,
      "inter_token_latency_ms_p50": 12.922,
      "inter_token_latency_ms_p95": 12.9544,
      "observations": 5,
      "success_rate": 1.0,
      "successful": 5,
      "ttft_ms_p50": 4210.381,
      "ttft_ms_p95": 4268.9942
    },
    "planning": {
      "decode_tokens_per_second_p50": 86.01706080838643,
      "decode_tokens_per_second_p95": 86.06860447527313,
      "duration_ms_p50": 2038.99,
      "duration_ms_p95": 2067.5744,
      "inter_token_latency_ms_p50": 11.695,
      "inter_token_latency_ms_p95": 11.6996,
      "observations": 5,
      "success_rate": 1.0,
      "successful": 5,
      "ttft_ms_p50": 121.862,
      "ttft_ms_p95": 148.7552
    },
    "retrieval": {
      "decode_tokens_per_second_p50": 86.14810176759808,
      "decode_tokens_per_second_p95": 86.17018162914391,
      "duration_ms_p50": 1108.924,
      "duration_ms_p95": 1114.6376,
      "inter_token_latency_ms_p50": 11.743,
      "inter_token_latency_ms_p95": 11.759,
      "observations": 5,
      "success_rate": 1.0,
      "successful": 5,
      "ttft_ms_p50": 110.901,
      "ttft_ms_p95": 116.2162
    },
    "structured_output": {
      "decode_tokens_per_second_p50": 89.96598032351869,
      "decode_tokens_per_second_p95": 91.6089042316622,
      "duration_ms_p50": 1137.255,
      "duration_ms_p95": 1176.8268,
      "inter_token_latency_ms_p50": 11.631,
      "inter_token_latency_ms_p95": 11.6354,
      "observations": 5,
      "success_rate": 1.0,
      "successful": 5,
      "ttft_ms_p50": 109.614,
      "ttft_ms_p95": 158.17499999999998
    },
    "synthesis": {
      "decode_tokens_per_second_p50": 86.13772203850604,
      "decode_tokens_per_second_p95": 86.16324553248172,
      "duration_ms_p50": 1109.988,
      "duration_ms_p95": 1125.5406,
      "inter_token_latency_ms_p50": 11.752,
      "inter_token_latency_ms_p95": 11.7658,
      "observations": 5,
      "success_rate": 1.0,
      "successful": 5,
      "ttft_ms_p50": 158.2,
      "ttft_ms_p95": 172.5918
    },
    "tool_selection": {
      "decode_tokens_per_second_p50": null,
      "decode_tokens_per_second_p95": null,
      "duration_ms_p50": 988.242,
      "duration_ms_p95": 1005.7802,
      "inter_token_latency_ms_p50": null,
      "inter_token_latency_ms_p95": null,
      "observations": 5,
      "success_rate": 1.0,
      "successful": 5,
      "ttft_ms_p50": 988.242,
      "ttft_ms_p95": 1005.7802
    }
  },
  "cases_sha256": "c6e7dcc6af829f434dc2e940719c4f6264fdc5536cef7a720f6c4199377cb0cc",
  "concurrency": 1,
  "model_id": "signalforge-gemma4-26b-q4",
  "overall": {
    "decode_tokens_per_second_p50": 86.06682185484854,
    "decode_tokens_per_second_p95": 90.44011885779125,
    "duration_ms_p50": 1173.1785,
    "duration_ms_p95": 4612.2785,
    "inter_token_latency_ms_p50": 11.743,
    "inter_token_latency_ms_p95": 12.9226,
    "observations": 40,
    "success_rate": 1.0,
    "successful": 40,
    "ttft_ms_p50": 156.0315,
    "ttft_ms_p95": 4211.467900000001
  },
  "quality_scope": "Deterministic contract checks only; human or independent model review remains required.",
  "repetitions": 5,
  "run_id": "019f886d-e142-7da1-a75a-dd6d37b20d8b",
  "schema_version": "signalforge/model-benchmark-summary/v1",
  "source_report": "/workspace/signalforge/evidence/runs/sprint11/baseline-unified-kv/single.json",
  "source_sha256": "7d295fa82bf61d32efb03a32f61ce8b06614f19393728c679c4ad9be8b7a0f87",
  "warmup_repetitions": 1
}
