{
  "aggregate": {
    "completion_tokens_per_wall_second": 40.03256529596484,
    "measured_wall_seconds": 82.782604,
    "prompt_tokens_per_wall_second": 989.7006863905851,
    "requests_per_second": 0.48319330471894795
  },
  "benchmark_id": "signalforge-financial-agent-baseline-v3",
  "by_workload": {
    "accounting": {
      "decode_tokens_per_second_p50": 12.54766473721482,
      "decode_tokens_per_second_p95": 57.407858370748556,
      "duration_ms_p50": 5248.525,
      "duration_ms_p95": 5277.4274000000005,
      "inter_token_latency_ms_p50": 82.773,
      "inter_token_latency_ms_p95": 94.9082,
      "observations": 5,
      "success_rate": 1.0,
      "successful": 5,
      "ttft_ms_p50": 1374.061,
      "ttft_ms_p95": 2441.0366
    },
    "follow_up": {
      "decode_tokens_per_second_p50": 8.365997884691355,
      "decode_tokens_per_second_p95": 10.677523975891324,
      "duration_ms_p50": 14198.65,
      "duration_ms_p95": 14279.6728,
      "inter_token_latency_ms_p50": 120.626,
      "inter_token_latency_ms_p95": 122.2722,
      "observations": 5,
      "success_rate": 1.0,
      "successful": 5,
      "ttft_ms_p50": 967.117,
      "ttft_ms_p95": 1034.5402
    },
    "long_context": {
      "decode_tokens_per_second_p50": 55.89371459901719,
      "decode_tokens_per_second_p95": 58.480660507368704,
      "duration_ms_p50": 8260.794,
      "duration_ms_p95": 9041.793,
      "inter_token_latency_ms_p50": 18.462,
      "inter_token_latency_ms_p95": 41.1334,
      "observations": 5,
      "success_rate": 1.0,
      "successful": 5,
      "ttft_ms_p50": 7696.485,
      "ttft_ms_p95": 7790.2898
    },
    "planning": {
      "decode_tokens_per_second_p50": 11.294793496599352,
      "decode_tokens_per_second_p95": 12.635713103551499,
      "duration_ms_p50": 14534.298,
      "duration_ms_p95": 16892.461,
      "inter_token_latency_ms_p50": 89.478,
      "inter_token_latency_ms_p95": 99.7226,
      "observations": 5,
      "success_rate": 1.0,
      "successful": 5,
      "ttft_ms_p50": 886.325,
      "ttft_ms_p95": 2037.8159999999996
    },
    "retrieval": {
      "decode_tokens_per_second_p50": 20.595134428899108,
      "decode_tokens_per_second_p95": 29.404530410895617,
      "duration_ms_p50": 6069.702,
      "duration_ms_p95": 6598.884599999999,
      "inter_token_latency_ms_p50": 48.377,
      "inter_token_latency_ms_p95": 57.9452,
      "observations": 5,
      "success_rate": 1.0,
      "successful": 5,
      "ttft_ms_p50": 1664.169,
      "ttft_ms_p95": 2426.4266
    },
    "structured_output": {
      "decode_tokens_per_second_p50": 7.582405993706695,
      "decode_tokens_per_second_p95": 8.149261955615875,
      "duration_ms_p50": 11872.896,
      "duration_ms_p95": 12164.228000000001,
      "inter_token_latency_ms_p50": 146.889,
      "inter_token_latency_ms_p95": 181.5578,
      "observations": 5,
      "success_rate": 1.0,
      "successful": 5,
      "ttft_ms_p50": 736.696,
      "ttft_ms_p95": 786.391
    },
    "synthesis": {
      "decode_tokens_per_second_p50": 30.083057734890456,
      "decode_tokens_per_second_p95": 32.0741222040274,
      "duration_ms_p50": 3497.194,
      "duration_ms_p95": 3642.7794000000004,
      "inter_token_latency_ms_p50": 33.883,
      "inter_token_latency_ms_p95": 35.004999999999995,
      "observations": 5,
      "success_rate": 1.0,
      "successful": 5,
      "ttft_ms_p50": 766.045,
      "ttft_ms_p95": 867.4392
    },
    "tool_selection": {
      "decode_tokens_per_second_p50": null,
      "decode_tokens_per_second_p95": null,
      "duration_ms_p50": 3888.222,
      "duration_ms_p95": 4001.3229999999994,
      "inter_token_latency_ms_p50": null,
      "inter_token_latency_ms_p95": null,
      "observations": 5,
      "success_rate": 1.0,
      "successful": 5,
      "ttft_ms_p50": 3888.222,
      "ttft_ms_p95": 4001.3229999999994
    }
  },
  "cases_sha256": "c6e7dcc6af829f434dc2e940719c4f6264fdc5536cef7a720f6c4199377cb0cc",
  "concurrency": 4,
  "model_id": "signalforge-gemma4-26b-q4",
  "overall": {
    "decode_tokens_per_second_p50": 12.749145583476421,
    "decode_tokens_per_second_p95": 58.47937101182717,
    "duration_ms_p50": 7404.291,
    "duration_ms_p95": 14610.470349999996,
    "inter_token_latency_ms_p50": 79.276,
    "inter_token_latency_ms_p95": 146.92260000000002,
    "observations": 40,
    "success_rate": 1.0,
    "successful": 40,
    "ttft_ms_p50": 1011.0685000000001,
    "ttft_ms_p95": 7697.6538
  },
  "quality_scope": "Deterministic contract checks only; human or independent model review remains required.",
  "repetitions": 5,
  "run_id": "019f8873-1a5d-7119-94b4-bc094cd9075a",
  "schema_version": "signalforge/model-benchmark-summary/v1",
  "source_report": "/workspace/signalforge/evidence/runs/sprint11/flash-attn-on/contention.json",
  "source_sha256": "72a99e233e87011a2463876522abb575dbf8f24521b22ba639f2c9c0c08477b5",
  "warmup_repetitions": 1
}
