{
  "aggregate": {
    "completion_tokens_per_wall_second": 50.92187265374949,
    "measured_wall_seconds": 66.39583,
    "prompt_tokens_per_wall_second": 1233.9630365340715,
    "requests_per_second": 0.6024474729813604
  },
  "benchmark_id": "signalforge-financial-agent-baseline-v3",
  "by_workload": {
    "accounting": {
      "decode_tokens_per_second_p50": 82.35964566688658,
      "decode_tokens_per_second_p95": 85.93535570552018,
      "duration_ms_p50": 1241.317,
      "duration_ms_p95": 1252.3666,
      "inter_token_latency_ms_p50": 12.396,
      "inter_token_latency_ms_p95": 12.4166,
      "observations": 5,
      "success_rate": 1.0,
      "successful": 5,
      "ttft_ms_p50": 648.484,
      "ttft_ms_p95": 658.9360000000001
    },
    "follow_up": {
      "decode_tokens_per_second_p50": 86.23465681235962,
      "decode_tokens_per_second_p95": 86.24747415758993,
      "duration_ms_p50": 1384.527,
      "duration_ms_p95": 1392.4746,
      "inter_token_latency_ms_p50": 11.701,
      "inter_token_latency_ms_p95": 11.7254,
      "observations": 5,
      "success_rate": 1.0,
      "successful": 5,
      "ttft_ms_p50": 109.14,
      "ttft_ms_p95": 116.678
    },
    "long_context": {
      "decode_tokens_per_second_p50": 80.0371789673887,
      "decode_tokens_per_second_p95": 80.34091887974883,
      "duration_ms_p50": 4406.034,
      "duration_ms_p95": 4464.3604,
      "inter_token_latency_ms_p50": 12.878,
      "inter_token_latency_ms_p95": 12.9234,
      "observations": 5,
      "success_rate": 1.0,
      "successful": 5,
      "ttft_ms_p50": 4007.151,
      "ttft_ms_p95": 4052.3938000000003
    },
    "planning": {
      "decode_tokens_per_second_p50": 86.13018349329326,
      "decode_tokens_per_second_p95": 86.16648437446324,
      "duration_ms_p50": 2056.983,
      "duration_ms_p95": 2063.2380000000003,
      "inter_token_latency_ms_p50": 11.681,
      "inter_token_latency_ms_p95": 11.6904,
      "observations": 5,
      "success_rate": 1.0,
      "successful": 5,
      "ttft_ms_p50": 139.49,
      "ttft_ms_p95": 146.627
    },
    "retrieval": {
      "decode_tokens_per_second_p50": 86.36848578977596,
      "decode_tokens_per_second_p95": 86.50035838174207,
      "duration_ms_p50": 1105.143,
      "duration_ms_p95": 1107.2396,
      "inter_token_latency_ms_p50": 11.714,
      "inter_token_latency_ms_p95": 11.7158,
      "observations": 5,
      "success_rate": 1.0,
      "successful": 5,
      "ttft_ms_p50": 109.407,
      "ttft_ms_p95": 111.7804
    },
    "structured_output": {
      "decode_tokens_per_second_p50": 90.1310913936814,
      "decode_tokens_per_second_p95": 91.64521449168136,
      "duration_ms_p50": 1135.78,
      "duration_ms_p95": 1167.5962,
      "inter_token_latency_ms_p50": 11.624,
      "inter_token_latency_ms_p95": 11.625799999999998,
      "observations": 5,
      "success_rate": 1.0,
      "successful": 5,
      "ttft_ms_p50": 99.559,
      "ttft_ms_p95": 151.5974
    },
    "synthesis": {
      "decode_tokens_per_second_p50": 86.37234635883476,
      "decode_tokens_per_second_p95": 86.5011495840232,
      "duration_ms_p50": 1089.648,
      "duration_ms_p95": 1121.4346,
      "inter_token_latency_ms_p50": 11.72,
      "inter_token_latency_ms_p95": 11.733,
      "observations": 5,
      "success_rate": 1.0,
      "successful": 5,
      "ttft_ms_p50": 140.27,
      "ttft_ms_p95": 172.95059999999998
    },
    "tool_selection": {
      "decode_tokens_per_second_p50": null,
      "decode_tokens_per_second_p95": null,
      "duration_ms_p50": 990.267,
      "duration_ms_p95": 1003.7824,
      "inter_token_latency_ms_p50": null,
      "inter_token_latency_ms_p95": null,
      "observations": 5,
      "success_rate": 1.0,
      "successful": 5,
      "ttft_ms_p50": 990.267,
      "ttft_ms_p95": 1003.7824
    }
  },
  "cases_sha256": "c6e7dcc6af829f434dc2e940719c4f6264fdc5536cef7a720f6c4199377cb0cc",
  "concurrency": 1,
  "model_id": "signalforge-gemma4-26b-q4",
  "overall": {
    "decode_tokens_per_second_p50": 86.24400769970192,
    "decode_tokens_per_second_p95": 90.5787451933238,
    "duration_ms_p50": 1158.772,
    "duration_ms_p95": 4408.0736,
    "inter_token_latency_ms_p50": 11.705,
    "inter_token_latency_ms_p95": 12.883700000000001,
    "observations": 40,
    "success_rate": 1.0,
    "successful": 40,
    "ttft_ms_p50": 141.3065,
    "ttft_ms_p95": 4008.6046999999994
  },
  "quality_scope": "Deterministic contract checks only; human or independent model review remains required.",
  "repetitions": 5,
  "run_id": "019f8871-ccbe-7523-98e7-ae72c9e6baa0",
  "schema_version": "signalforge/model-benchmark-summary/v1",
  "source_report": "/workspace/signalforge/evidence/runs/sprint11/flash-attn-on/single.json",
  "source_sha256": "dd7f6811c6255da1a69db79916673226d734fbac57ef30badca7a190c5a67d39",
  "warmup_repetitions": 1
}
