{
  "aggregate": {
    "completion_tokens_per_wall_second": 40.712979483640616,
    "measured_wall_seconds": 81.81666,
    "prompt_tokens_per_wall_second": 1001.385292433106,
    "requests_per_second": 0.4888979823913614
  },
  "benchmark_id": "signalforge-financial-agent-baseline-v3",
  "by_workload": {
    "accounting": {
      "decode_tokens_per_second_p50": 12.435164934340504,
      "decode_tokens_per_second_p95": 57.43471406161714,
      "duration_ms_p50": 4922.345,
      "duration_ms_p95": 5308.764800000001,
      "inter_token_latency_ms_p50": 83.48,
      "inter_token_latency_ms_p95": 91.9904,
      "observations": 5,
      "success_rate": 1.0,
      "successful": 5,
      "ttft_ms_p50": 1291.741,
      "ttft_ms_p95": 3318.8251999999993
    },
    "follow_up": {
      "decode_tokens_per_second_p50": 8.958363003550367,
      "decode_tokens_per_second_p95": 10.842001250616871,
      "duration_ms_p50": 13191.1,
      "duration_ms_p95": 13866.4556,
      "inter_token_latency_ms_p50": 112.65,
      "inter_token_latency_ms_p95": 118.2522,
      "observations": 5,
      "success_rate": 1.0,
      "successful": 5,
      "ttft_ms_p50": 920.719,
      "ttft_ms_p95": 1002.543
    },
    "long_context": {
      "decode_tokens_per_second_p50": 58.3522752923415,
      "decode_tokens_per_second_p95": 58.7249955713558,
      "duration_ms_p50": 8113.649,
      "duration_ms_p95": 8771.9394,
      "inter_token_latency_ms_p50": 17.743,
      "inter_token_latency_ms_p95": 42.693799999999996,
      "observations": 5,
      "success_rate": 1.0,
      "successful": 5,
      "ttft_ms_p50": 7522.472,
      "ttft_ms_p95": 7599.1762
    },
    "planning": {
      "decode_tokens_per_second_p50": 11.43807565478471,
      "decode_tokens_per_second_p95": 14.00422117406157,
      "duration_ms_p50": 15639.143,
      "duration_ms_p95": 17155.14,
      "inter_token_latency_ms_p50": 88.472,
      "inter_token_latency_ms_p95": 96.965,
      "observations": 5,
      "success_rate": 1.0,
      "successful": 5,
      "ttft_ms_p50": 793.152,
      "ttft_ms_p95": 3499.4136
    },
    "retrieval": {
      "decode_tokens_per_second_p50": 22.63412952786142,
      "decode_tokens_per_second_p95": 29.73889760675689,
      "duration_ms_p50": 5231.497,
      "duration_ms_p95": 6341.972,
      "inter_token_latency_ms_p50": 45.054,
      "inter_token_latency_ms_p95": 49.1996,
      "observations": 5,
      "success_rate": 1.0,
      "successful": 5,
      "ttft_ms_p50": 1496.091,
      "ttft_ms_p95": 3376.7934
    },
    "structured_output": {
      "decode_tokens_per_second_p50": 7.795835517989804,
      "decode_tokens_per_second_p95": 10.529442378923523,
      "duration_ms_p50": 10363.2,
      "duration_ms_p95": 11928.7268,
      "inter_token_latency_ms_p50": 142.886,
      "inter_token_latency_ms_p95": 178.00740000000002,
      "observations": 5,
      "success_rate": 1.0,
      "successful": 5,
      "ttft_ms_p50": 690.812,
      "ttft_ms_p95": 743.4828
    },
    "synthesis": {
      "decode_tokens_per_second_p50": 30.83088448044428,
      "decode_tokens_per_second_p95": 32.74771615678509,
      "duration_ms_p50": 3390.089,
      "duration_ms_p95": 3481.6816,
      "inter_token_latency_ms_p50": 33.06,
      "inter_token_latency_ms_p95": 34.026799999999994,
      "observations": 5,
      "success_rate": 1.0,
      "successful": 5,
      "ttft_ms_p50": 696.764,
      "ttft_ms_p95": 741.3224
    },
    "tool_selection": {
      "decode_tokens_per_second_p50": null,
      "decode_tokens_per_second_p95": null,
      "duration_ms_p50": 3960.661,
      "duration_ms_p95": 5267.7378,
      "inter_token_latency_ms_p50": null,
      "inter_token_latency_ms_p95": null,
      "observations": 5,
      "success_rate": 1.0,
      "successful": 5,
      "ttft_ms_p50": 3960.661,
      "ttft_ms_p95": 5267.7378
    }
  },
  "cases_sha256": "c6e7dcc6af829f434dc2e940719c4f6264fdc5536cef7a720f6c4199377cb0cc",
  "concurrency": 4,
  "model_id": "signalforge-gemma4-26b-q4",
  "overall": {
    "decode_tokens_per_second_p50": 13.49637894852087,
    "decode_tokens_per_second_p95": 58.72476083606628,
    "duration_ms_p50": 7260.952,
    "duration_ms_p95": 15664.467849999999,
    "inter_token_latency_ms_p50": 75.843,
    "inter_token_latency_ms_p95": 143.4425,
    "observations": 40,
    "success_rate": 1.0,
    "successful": 40,
    "ttft_ms_p50": 1044.145,
    "ttft_ms_p95": 7525.584449999999
  },
  "quality_scope": "Deterministic contract checks only; human or independent model review remains required.",
  "repetitions": 5,
  "run_id": "019f8877-08c3-7e87-bb87-b73f5f23705e",
  "schema_version": "signalforge/model-benchmark-summary/v1",
  "source_report": "/workspace/signalforge/evidence/runs/sprint11/flash-on-ubatch-1024/contention.json",
  "source_sha256": "b661864cc4cfbe54de244c50accf69d92cf0164296771110ed841ff31ca0df81",
  "warmup_repetitions": 1
}
