{
  "aggregate": {
    "completion_tokens_per_wall_second": 50.62228301186776,
    "measured_wall_seconds": 66.294916,
    "prompt_tokens_per_wall_second": 1235.8413728135654,
    "requests_per_second": 0.6033645174239304
  },
  "benchmark_id": "signalforge-financial-agent-baseline-v3",
  "by_workload": {
    "accounting": {
      "decode_tokens_per_second_p50": 82.10615972893774,
      "decode_tokens_per_second_p95": 85.6674434424984,
      "duration_ms_p50": 1189.11,
      "duration_ms_p95": 1263.7582,
      "inter_token_latency_ms_p50": 12.441,
      "inter_token_latency_ms_p95": 12.465,
      "observations": 5,
      "success_rate": 1.0,
      "successful": 5,
      "ttft_ms_p50": 654.088,
      "ttft_ms_p95": 669.1184000000001
    },
    "follow_up": {
      "decode_tokens_per_second_p50": 86.12381312518676,
      "decode_tokens_per_second_p95": 86.1595807810616,
      "duration_ms_p50": 1381.386,
      "duration_ms_p95": 1394.906,
      "inter_token_latency_ms_p50": 11.717,
      "inter_token_latency_ms_p95": 11.727999999999998,
      "observations": 5,
      "success_rate": 1.0,
      "successful": 5,
      "ttft_ms_p50": 102.761,
      "ttft_ms_p95": 117.79
    },
    "long_context": {
      "decode_tokens_per_second_p50": 79.46482390636079,
      "decode_tokens_per_second_p95": 79.92830375479446,
      "duration_ms_p50": 4435.55,
      "duration_ms_p95": 4450.1544,
      "inter_token_latency_ms_p50": 13.016,
      "inter_token_latency_ms_p95": 14.2458,
      "observations": 5,
      "success_rate": 1.0,
      "successful": 5,
      "ttft_ms_p50": 4029.522,
      "ttft_ms_p95": 4070.6068000000005
    },
    "planning": {
      "decode_tokens_per_second_p50": 86.07873422116546,
      "decode_tokens_per_second_p95": 86.13904008666312,
      "duration_ms_p50": 2074.907,
      "duration_ms_p95": 2147.53,
      "inter_token_latency_ms_p50": 11.686,
      "inter_token_latency_ms_p95": 11.695599999999999,
      "observations": 5,
      "success_rate": 1.0,
      "successful": 5,
      "ttft_ms_p50": 120.225,
      "ttft_ms_p95": 144.5304
    },
    "retrieval": {
      "decode_tokens_per_second_p50": 86.26768941666913,
      "decode_tokens_per_second_p95": 86.40921812399645,
      "duration_ms_p50": 1082.47,
      "duration_ms_p95": 1108.544,
      "inter_token_latency_ms_p50": 11.729,
      "inter_token_latency_ms_p95": 11.753,
      "observations": 5,
      "success_rate": 1.0,
      "successful": 5,
      "ttft_ms_p50": 106.695,
      "ttft_ms_p95": 112.954
    },
    "structured_output": {
      "decode_tokens_per_second_p50": 90.07720631186822,
      "decode_tokens_per_second_p95": 91.6863215976593,
      "duration_ms_p50": 1136.283,
      "duration_ms_p95": 1175.7872,
      "inter_token_latency_ms_p50": 11.621,
      "inter_token_latency_ms_p95": 11.6344,
      "observations": 5,
      "success_rate": 1.0,
      "successful": 5,
      "ttft_ms_p50": 104.706,
      "ttft_ms_p95": 161.311
    },
    "synthesis": {
      "decode_tokens_per_second_p50": 86.31245118063818,
      "decode_tokens_per_second_p95": 86.341684174983,
      "duration_ms_p50": 1095.846,
      "duration_ms_p95": 1126.2934,
      "inter_token_latency_ms_p50": 11.729,
      "inter_token_latency_ms_p95": 11.746,
      "observations": 5,
      "success_rate": 1.0,
      "successful": 5,
      "ttft_ms_p50": 134.283,
      "ttft_ms_p95": 176.1748
    },
    "tool_selection": {
      "decode_tokens_per_second_p50": null,
      "decode_tokens_per_second_p95": null,
      "duration_ms_p50": 984.11,
      "duration_ms_p95": 1009.818,
      "inter_token_latency_ms_p50": null,
      "inter_token_latency_ms_p95": null,
      "observations": 5,
      "success_rate": 1.0,
      "successful": 5,
      "ttft_ms_p50": 984.11,
      "ttft_ms_p95": 1009.818
    }
  },
  "cases_sha256": "c6e7dcc6af829f434dc2e940719c4f6264fdc5536cef7a720f6c4199377cb0cc",
  "concurrency": 1,
  "model_id": "signalforge-gemma4-26b-q4",
  "overall": {
    "decode_tokens_per_second_p50": 86.14044109165104,
    "decode_tokens_per_second_p95": 90.51819238505271,
    "duration_ms_p50": 1148.961,
    "duration_ms_p95": 4436.1759,
    "inter_token_latency_ms_p50": 11.726,
    "inter_token_latency_ms_p95": 13.049900000000001,
    "observations": 40,
    "success_rate": 1.0,
    "successful": 40,
    "ttft_ms_p50": 130.798,
    "ttft_ms_p95": 4031.0676
  },
  "quality_scope": "Deterministic contract checks only; human or independent model review remains required.",
  "repetitions": 5,
  "run_id": "019f8875-c3ea-7741-846e-2e5e2f7b57b1",
  "schema_version": "signalforge/model-benchmark-summary/v1",
  "source_report": "/workspace/signalforge/evidence/runs/sprint11/flash-on-ubatch-1024/single.json",
  "source_sha256": "c99581c30f84a936ca55a841efda21dfb1eced1a2ca6c9b9e23537fba0fc49ae",
  "warmup_repetitions": 1
}
