{
  "aggregate": {
    "completion_tokens_per_wall_second": 219.91868536346337,
    "measured_wall_seconds": 14.291646,
    "prompt_tokens_per_wall_second": 255.74381005518887,
    "requests_per_second": 2.7988378665410547
  },
  "benchmark_id": "signalforge-financial-agent-baseline-v3",
  "by_workload": {
    "accounting": {
      "decode_tokens_per_second_p50": 64.20225338719854,
      "decode_tokens_per_second_p95": 69.30628770971495,
      "duration_ms_p50": 789.375,
      "duration_ms_p95": 833.0214,
      "inter_token_latency_ms_p50": 15.925,
      "inter_token_latency_ms_p95": 16.9752,
      "observations": 5,
      "success_rate": 1.0,
      "successful": 5,
      "ttft_ms_p50": 101.279,
      "ttft_ms_p95": 143.07979999999998
    },
    "follow_up": {
      "decode_tokens_per_second_p50": 57.817746335489815,
      "decode_tokens_per_second_p95": 71.39318586746384,
      "duration_ms_p50": 2025.165,
      "duration_ms_p95": 2065.6932,
      "inter_token_latency_ms_p50": 17.453,
      "inter_token_latency_ms_p95": 17.888199999999998,
      "observations": 5,
      "success_rate": 1.0,
      "successful": 5,
      "ttft_ms_p50": 139.083,
      "ttft_ms_p95": 148.56920000000002
    },
    "long_context": {
      "decode_tokens_per_second_p50": null,
      "decode_tokens_per_second_p95": null,
      "duration_ms_p50": 42.401,
      "duration_ms_p95": 47.3454,
      "inter_token_latency_ms_p50": null,
      "inter_token_latency_ms_p95": null,
      "observations": 5,
      "success_rate": 0.0,
      "successful": 0,
      "ttft_ms_p50": null,
      "ttft_ms_p95": null
    },
    "planning": {
      "decode_tokens_per_second_p50": 58.398634627500044,
      "decode_tokens_per_second_p95": 64.08697269489568,
      "duration_ms_p50": 3028.174,
      "duration_ms_p95": 3113.2396,
      "inter_token_latency_ms_p50": 17.24,
      "inter_token_latency_ms_p95": 17.802,
      "observations": 5,
      "success_rate": 1.0,
      "successful": 5,
      "ttft_ms_p50": 109.725,
      "ttft_ms_p95": 144.5176
    },
    "retrieval": {
      "decode_tokens_per_second_p50": 59.50306680743634,
      "decode_tokens_per_second_p95": 59.80504758942786,
      "duration_ms_p50": 1565.415,
      "duration_ms_p95": 1669.4674,
      "inter_token_latency_ms_p50": 17.035,
      "inter_token_latency_ms_p95": 17.943800000000003,
      "observations": 5,
      "success_rate": 1.0,
      "successful": 5,
      "ttft_ms_p50": 111.925,
      "ttft_ms_p95": 146.141
    },
    "structured_output": {
      "decode_tokens_per_second_p50": 71.11457549230178,
      "decode_tokens_per_second_p95": 76.98260997700234,
      "duration_ms_p50": 1103.511,
      "duration_ms_p95": 1124.0230000000001,
      "inter_token_latency_ms_p50": 15.018,
      "inter_token_latency_ms_p95": 15.8618,
      "observations": 5,
      "success_rate": 1.0,
      "successful": 5,
      "ttft_ms_p50": 159.94,
      "ttft_ms_p95": 199.0488
    },
    "synthesis": {
      "decode_tokens_per_second_p50": 60.99832056190183,
      "decode_tokens_per_second_p95": 62.044390877446844,
      "duration_ms_p50": 1470.96,
      "duration_ms_p95": 1477.2654,
      "inter_token_latency_ms_p50": 16.621,
      "inter_token_latency_ms_p95": 16.7726,
      "observations": 5,
      "success_rate": 1.0,
      "successful": 5,
      "ttft_ms_p50": 117.456,
      "ttft_ms_p95": 128.6996
    },
    "tool_selection": {
      "decode_tokens_per_second_p50": null,
      "decode_tokens_per_second_p95": null,
      "duration_ms_p50": 1257.837,
      "duration_ms_p95": 1266.9462,
      "inter_token_latency_ms_p50": null,
      "inter_token_latency_ms_p95": null,
      "observations": 5,
      "success_rate": 1.0,
      "successful": 5,
      "ttft_ms_p50": 1257.837,
      "ttft_ms_p95": 1266.9462
    }
  },
  "cases_sha256": "c6e7dcc6af829f434dc2e940719c4f6264fdc5536cef7a720f6c4199377cb0cc",
  "concurrency": 4,
  "model_id": "signalforge-gemma4-26b-q4",
  "overall": {
    "decode_tokens_per_second_p50": 60.62969434292235,
    "decode_tokens_per_second_p95": 73.14706939596945,
    "duration_ms_p50": 1364.3475,
    "duration_ms_p95": 3029.6944,
    "inter_token_latency_ms_p50": 16.691,
    "inter_token_latency_ms_p95": 17.926,
    "observations": 40,
    "success_rate": 0.875,
    "successful": 35,
    "ttft_ms_p50": 123.662,
    "ttft_ms_p95": 1258.374
  },
  "quality_scope": "Deterministic contract checks only; human or independent model review remains required.",
  "repetitions": 5,
  "run_id": "019f886b-b618-7239-8ba2-df2fd733b33a",
  "schema_version": "signalforge/model-benchmark-summary/v1",
  "source_report": "/workspace/signalforge/evidence/runs/sprint11/baseline-controlled/contention.json",
  "source_sha256": "36c351eda4bb71a2832770a6a59785d3542fcfe7b89029809da64d19cc8664de",
  "warmup_repetitions": 1
}
