{
  "aggregate": {
    "completion_tokens_per_wall_second": 39.738863851581186,
    "measured_wall_seconds": 85.306918,
    "prompt_tokens_per_wall_second": 960.4144883067984,
    "requests_per_second": 0.4688951486912234
  },
  "benchmark_id": "signalforge-financial-agent-baseline-v3",
  "by_workload": {
    "accounting": {
      "decode_tokens_per_second_p50": 14.836769061862357,
      "decode_tokens_per_second_p95": 53.70329109110103,
      "duration_ms_p50": 4142.17,
      "duration_ms_p95": 5288.8576,
      "inter_token_latency_ms_p50": 70.227,
      "inter_token_latency_ms_p95": 90.6224,
      "observations": 5,
      "success_rate": 1.0,
      "successful": 5,
      "ttft_ms_p50": 1148.407,
      "ttft_ms_p95": 2798.7956
    },
    "follow_up": {
      "decode_tokens_per_second_p50": 8.738579936662239,
      "decode_tokens_per_second_p95": 10.38944222998836,
      "duration_ms_p50": 13650.062,
      "duration_ms_p95": 15544.870399999998,
      "inter_token_latency_ms_p50": 115.483,
      "inter_token_latency_ms_p95": 132.5,
      "observations": 5,
      "success_rate": 1.0,
      "successful": 5,
      "ttft_ms_p50": 1060.708,
      "ttft_ms_p95": 1491.7199999999998
    },
    "long_context": {
      "decode_tokens_per_second_p50": 52.971597533230565,
      "decode_tokens_per_second_p95": 54.05154297325962,
      "duration_ms_p50": 8342.886,
      "duration_ms_p95": 8436.8014,
      "inter_token_latency_ms_p50": 19.424,
      "inter_token_latency_ms_p95": 19.5846,
      "observations": 5,
      "success_rate": 1.0,
      "successful": 5,
      "ttft_ms_p50": 7738.789,
      "ttft_ms_p95": 7822.034799999999
    },
    "planning": {
      "decode_tokens_per_second_p50": 11.343015252768023,
      "decode_tokens_per_second_p95": 12.652502933774798,
      "duration_ms_p50": 16176.848,
      "duration_ms_p95": 16245.742199999999,
      "inter_token_latency_ms_p50": 89.084,
      "inter_token_latency_ms_p95": 100.22319999999999,
      "observations": 5,
      "success_rate": 1.0,
      "successful": 5,
      "ttft_ms_p50": 983.002,
      "ttft_ms_p95": 2763.7249999999995
    },
    "retrieval": {
      "decode_tokens_per_second_p50": 19.85518623154264,
      "decode_tokens_per_second_p95": 28.675559982044508,
      "duration_ms_p50": 5556.277,
      "duration_ms_p95": 5958.87,
      "inter_token_latency_ms_p50": 51.37,
      "inter_token_latency_ms_p95": 52.6524,
      "observations": 5,
      "success_rate": 1.0,
      "successful": 5,
      "ttft_ms_p50": 1222.877,
      "ttft_ms_p95": 2811.6654
    },
    "structured_output": {
      "decode_tokens_per_second_p50": 7.767696416164797,
      "decode_tokens_per_second_p95": 8.41441021749852,
      "duration_ms_p50": 12446.496,
      "duration_ms_p95": 13409.2,
      "inter_token_latency_ms_p50": 138.163,
      "inter_token_latency_ms_p95": 148.2584,
      "observations": 5,
      "success_rate": 0.6,
      "successful": 3,
      "ttft_ms_p50": 805.626,
      "ttft_ms_p95": 1480.1393999999998
    },
    "synthesis": {
      "decode_tokens_per_second_p50": 27.647236842931395,
      "decode_tokens_per_second_p95": 31.081299858715624,
      "duration_ms_p50": 3787.298,
      "duration_ms_p95": 4772.9454,
      "inter_token_latency_ms_p50": 36.862,
      "inter_token_latency_ms_p95": 37.436,
      "observations": 5,
      "success_rate": 1.0,
      "successful": 5,
      "ttft_ms_p50": 785.19,
      "ttft_ms_p95": 1724.3319999999999
    },
    "tool_selection": {
      "decode_tokens_per_second_p50": null,
      "decode_tokens_per_second_p95": null,
      "duration_ms_p50": 4135.107,
      "duration_ms_p95": 4747.9102,
      "inter_token_latency_ms_p50": null,
      "inter_token_latency_ms_p95": null,
      "observations": 5,
      "success_rate": 1.0,
      "successful": 5,
      "ttft_ms_p50": 4135.107,
      "ttft_ms_p95": 4747.9102
    }
  },
  "cases_sha256": "c6e7dcc6af829f434dc2e940719c4f6264fdc5536cef7a720f6c4199377cb0cc",
  "concurrency": 4,
  "model_id": "signalforge-gemma4-26b-q4",
  "overall": {
    "decode_tokens_per_second_p50": 14.836769061862357,
    "decode_tokens_per_second_p95": 53.45470152397951,
    "duration_ms_p50": 7068.9645,
    "duration_ms_p95": 16179.72555,
    "inter_token_latency_ms_p50": 70.227,
    "inter_token_latency_ms_p95": 138.9817,
    "observations": 40,
    "success_rate": 0.95,
    "successful": 38,
    "ttft_ms_p50": 1155.0104999999999,
    "ttft_ms_p95": 7742.59865
  },
  "quality_scope": "Deterministic contract checks only; human or independent model review remains required.",
  "repetitions": 5,
  "run_id": "019f887a-bf4d-70ec-8f99-76448ad7bdd0",
  "schema_version": "signalforge/model-benchmark-summary/v1",
  "source_report": "/workspace/signalforge/evidence/runs/sprint11/flash-on-kv-q8/contention.json",
  "source_sha256": "d26c38610f71add128ff1fa896423919433f3fea02516d5f85bd1687575ebf81",
  "warmup_repetitions": 1
}
