{
  "aggregate": {
    "completion_tokens_per_wall_second": 48.243381050750216,
    "measured_wall_seconds": 70.372348,
    "prompt_tokens_per_wall_second": 1164.2357023528616,
    "requests_per_second": 0.5684050786539053
  },
  "benchmark_id": "signalforge-financial-agent-baseline-v3",
  "by_workload": {
    "accounting": {
      "decode_tokens_per_second_p50": 75.80566230827786,
      "decode_tokens_per_second_p95": 75.98010920273633,
      "duration_ms_p50": 1045.27,
      "duration_ms_p95": 1049.8826000000001,
      "inter_token_latency_ms_p50": 13.476,
      "inter_token_latency_ms_p95": 14.3976,
      "observations": 5,
      "success_rate": 1.0,
      "successful": 5,
      "ttft_ms_p50": 400.988,
      "ttft_ms_p95": 426.2468
    },
    "follow_up": {
      "decode_tokens_per_second_p50": 75.78072906669136,
      "decode_tokens_per_second_p95": 75.85050286332876,
      "duration_ms_p50": 1551.421,
      "duration_ms_p95": 1561.3132,
      "inter_token_latency_ms_p50": 13.316,
      "inter_token_latency_ms_p95": 13.3244,
      "observations": 5,
      "success_rate": 1.0,
      "successful": 5,
      "ttft_ms_p50": 100.056,
      "ttft_ms_p95": 109.70939999999999
    },
    "long_context": {
      "decode_tokens_per_second_p50": 69.9098052715548,
      "decode_tokens_per_second_p95": 70.09684020597946,
      "duration_ms_p50": 4538.61,
      "duration_ms_p95": 4572.6272,
      "inter_token_latency_ms_p50": 14.749,
      "inter_token_latency_ms_p95": 14.816000000000003,
      "observations": 5,
      "success_rate": 1.0,
      "successful": 5,
      "ttft_ms_p50": 4067.53,
      "ttft_ms_p95": 4100.6568
    },
    "planning": {
      "decode_tokens_per_second_p50": 75.73533634622977,
      "decode_tokens_per_second_p95": 75.78507538451663,
      "duration_ms_p50": 2199.514,
      "duration_ms_p95": 2369.8004,
      "inter_token_latency_ms_p50": 13.287,
      "inter_token_latency_ms_p95": 13.299,
      "observations": 5,
      "success_rate": 1.0,
      "successful": 5,
      "ttft_ms_p50": 100.124,
      "ttft_ms_p95": 111.977
    },
    "retrieval": {
      "decode_tokens_per_second_p50": 75.88181217167386,
      "decode_tokens_per_second_p95": 75.97011523729972,
      "duration_ms_p50": 1229.819,
      "duration_ms_p95": 1239.7254,
      "inter_token_latency_ms_p50": 13.333,
      "inter_token_latency_ms_p95": 13.3452,
      "observations": 5,
      "success_rate": 1.0,
      "successful": 5,
      "ttft_ms_p50": 95.459,
      "ttft_ms_p95": 106.9544
    },
    "structured_output": {
      "decode_tokens_per_second_p50": 78.67838782145418,
      "decode_tokens_per_second_p95": 79.73748479601863,
      "duration_ms_p50": 1365.392,
      "duration_ms_p95": 1366.4584,
      "inter_token_latency_ms_p50": 13.245,
      "inter_token_latency_ms_p95": 13.308399999999999,
      "observations": 5,
      "success_rate": 0.2,
      "successful": 1,
      "ttft_ms_p50": 94.966,
      "ttft_ms_p95": 128.9758
    },
    "synthesis": {
      "decode_tokens_per_second_p50": 75.7041944884902,
      "decode_tokens_per_second_p95": 75.77479914203619,
      "duration_ms_p50": 1208.757,
      "duration_ms_p95": 1216.8491999999999,
      "inter_token_latency_ms_p50": 13.37,
      "inter_token_latency_ms_p95": 13.3738,
      "observations": 5,
      "success_rate": 1.0,
      "successful": 5,
      "ttft_ms_p50": 112.384,
      "ttft_ms_p95": 121.15180000000001
    },
    "tool_selection": {
      "decode_tokens_per_second_p50": null,
      "decode_tokens_per_second_p95": null,
      "duration_ms_p50": 1056.576,
      "duration_ms_p95": 1088.1294,
      "inter_token_latency_ms_p50": null,
      "inter_token_latency_ms_p95": null,
      "observations": 5,
      "success_rate": 1.0,
      "successful": 5,
      "ttft_ms_p50": 1056.576,
      "ttft_ms_p95": 1088.1294
    }
  },
  "cases_sha256": "c6e7dcc6af829f434dc2e940719c4f6264fdc5536cef7a720f6c4199377cb0cc",
  "concurrency": 1,
  "model_id": "signalforge-gemma4-26b-q4",
  "overall": {
    "decode_tokens_per_second_p50": 75.77659124347466,
    "decode_tokens_per_second_p95": 78.69956799630074,
    "duration_ms_p50": 1236.4050000000002,
    "duration_ms_p95": 4539.9917,
    "inter_token_latency_ms_p50": 13.333,
    "inter_token_latency_ms_p95": 14.7499,
    "observations": 40,
    "success_rate": 0.9,
    "successful": 36,
    "ttft_ms_p50": 112.231,
    "ttft_ms_p95": 4068.8805
  },
  "quality_scope": "Deterministic contract checks only; human or independent model review remains required.",
  "repetitions": 5,
  "run_id": "019f8879-6031-7a0f-94f3-43c0d5152470",
  "schema_version": "signalforge/model-benchmark-summary/v1",
  "source_report": "/workspace/signalforge/evidence/runs/sprint11/flash-on-kv-q8/single.json",
  "source_sha256": "a9e50fad5b5ab4af1ca82df8e1375d0bad9d839e431c7b5586f1fe6e4ba73caf",
  "warmup_repetitions": 1
}
