{
  "schema_version": "signalforge/qdrant-comparison/v1",
  "generated_at": "2026-07-21T17:12:23Z",
  "dataset_sha256": "14535933fcebb40d36d0ae9c7bdd359e6292fc4f046ea0aaa95ce5368fb10235",
  "model": {
    "id": "ibm-granite/granite-embedding-97m-multilingual-r2",
    "revision": "835ad14087e140460703cf0fae09f97d469d65c2",
    "dimensions": 384
  },
  "runtime": {
    "python": "3.14.5",
    "platform": "macOS-26.5.2-arm64-arm-64bit-Mach-O",
    "qdrant_mode": "in-memory-local"
  },
  "model_load_seconds": 2.361965666990727,
  "encode_seconds": 0.25726512499386445,
  "exact_cosine": {
    "metrics": {
      "question_count": 17,
      "recall_at_k": 0.8431372549019607,
      "precision_at_k": 0.34117647058823536,
      "complete_evidence_rate": 0.7058823529411765,
      "citation_correctness": 1.0,
      "mean_context_tokens": 132.2941176470588
    },
    "latency": {
      "p50_us": 15.2085,
      "p95_us": 24.5
    }
  },
  "qdrant": {
    "metrics": {
      "question_count": 17,
      "recall_at_k": 0.8431372549019607,
      "precision_at_k": 0.34117647058823536,
      "complete_evidence_rate": 0.7058823529411765,
      "citation_correctness": 1.0,
      "mean_context_tokens": 132.2941176470588
    },
    "latency": {
      "p50_us": 356.8125,
      "p95_us": 519.583
    }
  },
  "ranking_equivalent": true,
  "operational_note": "Local mode measures Qdrant query behavior without server lifecycle or network cost; production-server operations remain a deployment benchmark."
}
